<?xml version="1.0" encoding="UTF-8"?>
<metadata xml:lang="en"><Esri><CreaDate>20170806</CreaDate><CreaTime>13345200</CreaTime><ArcGISFormat>1.0</ArcGISFormat><SyncOnce>FALSE</SyncOnce><RematchLocator>locredo1865<Category Locator="Review">Address</Category><Description Locator="Review">US Dual Range Addresses</Description><MinimumMatchScore Locator="Review">85</MinimumMatchScore><SpellingSensitivity Locator="Review">80</SpellingSensitivity><MatchIfScoresTie Locator="Review">-1</MatchIfScoresTie><WriteXYCoordFields Locator="Review">0</WriteXYCoordFields><WriteDispXDispYFields Locator="Review">0</WriteDispXDispYFields><WriteStandardizedAddressField Locator="Review">0</WriteStandardizedAddressField><WriteReferenceIDField Locator="Review">-1</WriteReferenceIDField><WriteLocatorSpecificFields Locator="Review">0</WriteLocatorSpecificFields><WriteAdditionalOutputFields Locator="Review">-1</WriteAdditionalOutputFields><WriteDisplayExtentFields Locator="Review">0</WriteDisplayExtentFields><WritePercentAlongField Locator="Review">0</WritePercentAlongField><ShowElapsedTime Locator="Review">0</ShowElapsedTime><reportScorePerComponent Locator="Review">0</reportScorePerComponent><MaxCandidates Locator="Review">200</MaxCandidates><MaxPerfectCandidates Locator="Review">200</MaxPerfectCandidates><SearchTimeout Locator="Review">1</SearchTimeout><OutColumns Locator="Review">Shape</OutColumns><OutColumns Locator="Review">Status</OutColumns><OutColumns Locator="Review">Score</OutColumns><OutColumns Locator="Review">Match_addr</OutColumns><OutColumns Locator="Review">Side</OutColumns><OutColumns Locator="Review">Ref_ID</OutColumns><OutColumns Locator="Review">User_fld</OutColumns><OutColumns Locator="Review">Addr_type</OutColumns><MinimumCandidateScore Locator="Review">75</MinimumCandidateScore><StoreStandardizedRefData Locator="Review">true</StoreStandardizedRefData><RuntimeMemoryLimit Locator="Review">512000000</RuntimeMemoryLimit><supportsEmptyHouseNumber Locator="Review">0</supportsEmptyHouseNumber><supportsWeightedHouseNumber Locator="Review">-1</supportsWeightedHouseNumber><supportsSubAddress Locator="Review">0</supportsSubAddress><supportsHouseNoUnit Locator="Review">-1</supportsHouseNoUnit><supportsIntersections Locator="Review">-1</supportsIntersections><SideOffset Locator="Review">52</SideOffset><SideOffsetUnits Locator="Review">Feet</SideOffsetUnits><EndOffset Locator="Review">5</EndOffset><EndOffsetUnits Locator="Review">ReferenceDataUnits</EndOffsetUnits><Interpolate.SideValue.Left Locator="Review">L</Interpolate.SideValue.Left><Interpolate.SideValue.Right Locator="Review">R</Interpolate.SideValue.Right><IntersectionConnectors Locator="Review">&amp; @ | and at</IntersectionConnectors><StorageSegmentSizeKB Locator="Review">128</StorageSegmentSizeKB><supportsOptionalZone Locator="Review">0</supportsOptionalZone><BatchPresortInputs Locator="Review">State</BatchPresortInputs><BatchPresortInputs Locator="Review">ZIP</BatchPresortInputs><BatchPresortInputs Locator="Review">City</BatchPresortInputs><CLSID Locator="Review">{DA70B7E3-10B2-42E3-BFF7-6C81355862BC}</CLSID><LocatorWorkspaceString Locator="Review">ProgID = esriDataSourcesFile.ShapefileWorkspaceFactory.1; Path = .</LocatorWorkspaceString><LocFileUseUTF8 Locator="Review">True</LocFileUseUTF8><RebuildStartTime Locator="Review">131129624177330000</RebuildStartTime><RebuildStartTimeAscii Locator="Review">9:33:37 AM</RebuildStartTimeAscii><SafeLocatorName Locator="Review">locredo1865</SafeLocatorName><UICLSID Locator="Review">{AE5A3A0E-F756-11D2-9F4F-00C04F8ED1C4}</UICLSID><UseMultithreading Locator="Review">True</UseMultithreading><UseRelativePaths Locator="Review">-1</UseRelativePaths><InTable Locator="Review">::</InTable><InKeyColumns Locator="Review">::</InKeyColumns><InColumns Locator="Review">ARC_Single</InColumns><OutTable Locator="Review">::</OutTable><OutKeyColumns Locator="Review">::</OutKeyColumns></RematchLocator><DataProperties><itemProps><itemName Sync="TRUE">OFFICIALDCDATA</itemName><imsContentType Sync="TRUE">002</imsContentType><itemSize Sync="TRUE">0.000</itemSize><itemLocation><linkage Sync="TRUE">file://\\LIB-DLS06\C$\Users\rcshepard\Documents\GIS\petprojects\CWW\OFFICIALDCDATA.shp</linkage><protocol Sync="TRUE">Local Area Network</protocol></itemLocation></itemProps><coordRef><type Sync="TRUE">Projected</type><geogcsn Sync="TRUE">GCS_WGS_1984</geogcsn><csUnits Sync="TRUE">Linear Unit: Meter (1.000000)</csUnits><projcsn Sync="TRUE">WGS_1984_Web_Mercator_Auxiliary_Sphere</projcsn><peXml Sync="TRUE">&lt;ProjectedCoordinateSystem xsi:type='typens:ProjectedCoordinateSystem' xmlns:xsi='http://www.w3.org/2001/XMLSchema-instance' xmlns:xs='http://www.w3.org/2001/XMLSchema' xmlns:typens='http://www.esri.com/schemas/ArcGIS/10.3'&gt;&lt;WKT&gt;PROJCS[&amp;quot;WGS_1984_Web_Mercator_Auxiliary_Sphere&amp;quot;,GEOGCS[&amp;quot;GCS_WGS_1984&amp;quot;,DATUM[&amp;quot;D_WGS_1984&amp;quot;,SPHEROID[&amp;quot;WGS_1984&amp;quot;,6378137.0,298.257223563]],PRIMEM[&amp;quot;Greenwich&amp;quot;,0.0],UNIT[&amp;quot;Degree&amp;quot;,0.0174532925199433]],PROJECTION[&amp;quot;Mercator_Auxiliary_Sphere&amp;quot;],PARAMETER[&amp;quot;False_Easting&amp;quot;,0.0],PARAMETER[&amp;quot;False_Northing&amp;quot;,0.0],PARAMETER[&amp;quot;Central_Meridian&amp;quot;,0.0],PARAMETER[&amp;quot;Standard_Parallel_1&amp;quot;,0.0],PARAMETER[&amp;quot;Auxiliary_Sphere_Type&amp;quot;,0.0],UNIT[&amp;quot;Meter&amp;quot;,1.0],AUTHORITY[&amp;quot;EPSG&amp;quot;,3857]]&lt;/WKT&gt;&lt;XOrigin&gt;-20037700&lt;/XOrigin&gt;&lt;YOrigin&gt;-30241100&lt;/YOrigin&gt;&lt;XYScale&gt;148923141.92838538&lt;/XYScale&gt;&lt;ZOrigin&gt;-100000&lt;/ZOrigin&gt;&lt;ZScale&gt;10000&lt;/ZScale&gt;&lt;MOrigin&gt;-100000&lt;/MOrigin&gt;&lt;MScale&gt;10000&lt;/MScale&gt;&lt;XYTolerance&gt;0.001&lt;/XYTolerance&gt;&lt;ZTolerance&gt;0.001&lt;/ZTolerance&gt;&lt;MTolerance&gt;0.001&lt;/MTolerance&gt;&lt;HighPrecision&gt;true&lt;/HighPrecision&gt;&lt;WKID&gt;102100&lt;/WKID&gt;&lt;LatestWKID&gt;3857&lt;/LatestWKID&gt;&lt;/ProjectedCoordinateSystem&gt;</peXml></coordRef><lineage><Process ToolSource="c:\program files (x86)\arcgis\desktop10.5\ArcToolbox\Toolboxes\Data Management Tools.tbx\Project" Date="20170806" Time="133453">Project cww C:\Users\rcshepard\Documents\GIS\petprojects\PLACINGSEGRE\washington1860.shp GEOGCS['GCS_WGS_1984',DATUM['D_WGS_1984',SPHEROID['WGS_1984',6378137.0,298.257223563]],PRIMEM['Greenwich',0.0],UNIT['Degree',0.0174532925199433]] # PROJCS['WGS_1984_Web_Mercator_Auxiliary_Sphere',GEOGCS['GCS_WGS_1984',DATUM['D_WGS_1984',SPHEROID['WGS_1984',6378137.0,298.257223563]],PRIMEM['Greenwich',0.0],UNIT['Degree',0.0174532925199433]],PROJECTION['Mercator_Auxiliary_Sphere'],PARAMETER['False_Easting',0.0],PARAMETER['False_Northing',0.0],PARAMETER['Central_Meridian',0.0],PARAMETER['Standard_Parallel_1',0.0],PARAMETER['Auxiliary_Sphere_Type',0.0],UNIT['Meter',1.0]] NO_PRESERVE_SHAPE # NO_VERTICAL</Process></lineage></DataProperties><SyncDate>20160730</SyncDate><SyncTime>16380600</SyncTime><ModDate>20160730</ModDate><ModTime>16380600</ModTime></Esri><dataIdInfo><envirDesc Sync="TRUE">Microsoft Windows 7 Version 6.1 (Build 7601) Service Pack 1; Esri ArcGIS 10.3.0.4322</envirDesc><dataLang><languageCode value="eng" Sync="TRUE"></languageCode><countryCode value="USA" Sync="TRUE"></countryCode></dataLang><idCitation><resTitle Sync="TRUE">OFFICIALDCDATA</resTitle><presForm><PresFormCd value="005" Sync="TRUE"></PresFormCd></presForm></idCitation><spatRpType><SpatRepTypCd value="001" Sync="TRUE"></SpatRepTypCd></spatRpType></dataIdInfo><mdLang><languageCode value="eng" Sync="TRUE"></languageCode><countryCode value="USA" Sync="TRUE"></countryCode></mdLang><mdChar><CharSetCd value="004" Sync="TRUE"></CharSetCd></mdChar><distInfo><distFormat><formatName Sync="TRUE">Shapefile</formatName></distFormat><distTranOps><transSize Sync="TRUE">0.000</transSize></distTranOps></distInfo><mdHrLv><ScopeCd value="005" Sync="TRUE"></ScopeCd></mdHrLv><mdHrLvName Sync="TRUE">dataset</mdHrLvName><refSysInfo><RefSystem><refSysID><identCode code="3857" Sync="TRUE"></identCode><idCodeSpace Sync="TRUE">EPSG</idCodeSpace><idVersion Sync="TRUE">8.2.6</idVersion></refSysID></RefSystem></refSysInfo><spatRepInfo><VectSpatRep><geometObjs Name="OFFICIALDCDATA"><geoObjTyp><GeoObjTypCd value="004" Sync="TRUE"></GeoObjTypCd></geoObjTyp><geoObjCnt Sync="TRUE">0</geoObjCnt></geometObjs><topLvl><TopoLevCd value="001" Sync="TRUE"></TopoLevCd></topLvl></VectSpatRep></spatRepInfo><spdoinfo><ptvctinf><esriterm Name="OFFICIALDCDATA"><efeatyp Sync="TRUE">Simple</efeatyp><efeageom code="1" Sync="TRUE"></efeageom><esritopo Sync="TRUE">FALSE</esritopo><efeacnt Sync="TRUE">0</efeacnt><spindex Sync="TRUE">FALSE</spindex><linrefer Sync="TRUE">FALSE</linrefer></esriterm></ptvctinf></spdoinfo><eainfo><detailed Name="OFFICIALDCDATA"><enttyp><enttypl Sync="TRUE">OFFICIALDCDATA</enttypl><enttypt Sync="TRUE">Feature Class</enttypt><enttypc Sync="TRUE">0</enttypc></enttyp><attr><attrlabl Sync="TRUE">FID</attrlabl><attalias Sync="TRUE">FID</attalias><attrtype Sync="TRUE">OID</attrtype><attwidth Sync="TRUE">4</attwidth><atprecis Sync="TRUE">0</atprecis><attscale Sync="TRUE">0</attscale><attrdef Sync="TRUE">Internal feature number.</attrdef><attrdefs Sync="TRUE">Esri</attrdefs><attrdomv><udom Sync="TRUE">Sequential unique whole numbers that are automatically generated.</udom></attrdomv></attr><attr><attrlabl Sync="TRUE">Shape</attrlabl><attalias Sync="TRUE">Shape</attalias><attrtype Sync="TRUE">Geometry</attrtype><attwidth Sync="TRUE">0</attwidth><atprecis Sync="TRUE">0</atprecis><attscale Sync="TRUE">0</attscale><attrdef Sync="TRUE">Feature geometry.</attrdef><attrdefs Sync="TRUE">Esri</attrdefs><attrdomv><udom Sync="TRUE">Coordinates defining the features.</udom></attrdomv></attr><attr><attrlabl Sync="TRUE">Status</attrlabl><attalias Sync="TRUE">Status</attalias><attrtype Sync="TRUE">String</attrtype><attwidth Sync="TRUE">1</attwidth><atprecis Sync="TRUE">0</atprecis><attscale Sync="TRUE">0</attscale></attr><attr><attrlabl Sync="TRUE">Score</attrlabl><attalias Sync="TRUE">Score</attalias><attrtype Sync="TRUE">Double</attrtype><attwidth Sync="TRUE">19</attwidth><atprecis Sync="TRUE">18</atprecis><attscale Sync="TRUE">2</attscale></attr><attr><attrlabl Sync="TRUE">Match_type</attrlabl><attalias Sync="TRUE">Match_type</attalias><attrtype Sync="TRUE">String</attrtype><attwidth Sync="TRUE">2</attwidth><atprecis Sync="TRUE">0</atprecis><attscale Sync="TRUE">0</attscale></attr><attr><attrlabl Sync="TRUE">Match_addr</attrlabl><attalias Sync="TRUE">Match_addr</attalias><attrtype Sync="TRUE">String</attrtype><attwidth Sync="TRUE">120</attwidth><atprecis Sync="TRUE">0</atprecis><attscale Sync="TRUE">0</attscale></attr><attr><attrlabl Sync="TRUE">Side</attrlabl><attalias Sync="TRUE">Side</attalias><attrtype Sync="TRUE">String</attrtype><attwidth Sync="TRUE">1</attwidth><atprecis Sync="TRUE">0</atprecis><attscale Sync="TRUE">0</attscale></attr><attr><attrlabl Sync="TRUE">Ref_ID</attrlabl><attalias Sync="TRUE">Ref_ID</attalias><attrtype Sync="TRUE">String</attrtype><attwidth Sync="TRUE">50</attwidth><atprecis Sync="TRUE">0</atprecis><attscale Sync="TRUE">0</attscale></attr><attr><attrlabl Sync="TRUE">User_fld</attrlabl><attalias Sync="TRUE">User_fld</attalias><attrtype Sync="TRUE">String</attrtype><attwidth Sync="TRUE">120</attwidth><atprecis Sync="TRUE">0</atprecis><attscale Sync="TRUE">0</attscale></attr><attr><attrlabl Sync="TRUE">Addr_type</attrlabl><attalias Sync="TRUE">Addr_type</attalias><attrtype Sync="TRUE">String</attrtype><attwidth Sync="TRUE">20</attwidth><atprecis Sync="TRUE">0</atprecis><attscale Sync="TRUE">0</attscale></attr><attr><attrlabl Sync="TRUE">ARC_Single</attrlabl><attalias Sync="TRUE">ARC_Single</attalias><attrtype Sync="TRUE">String</attrtype><attwidth Sync="TRUE">100</attwidth><atprecis Sync="TRUE">0</atprecis><attscale Sync="TRUE">0</attscale></attr><attr><attrlabl Sync="TRUE">WARD</attrlabl><attalias Sync="TRUE">WARD</attalias><attrtype Sync="TRUE">Double</attrtype><attwidth Sync="TRUE">16</attwidth><atprecis Sync="TRUE">15</atprecis><attscale Sync="TRUE">6</attscale></attr><attr><attrlabl Sync="TRUE">FAMNUM</attrlabl><attalias Sync="TRUE">FAMNUM</attalias><attrtype Sync="TRUE">Double</attrtype><attwidth Sync="TRUE">16</attwidth><atprecis Sync="TRUE">15</atprecis><attscale Sync="TRUE">6</attscale></attr><attr><attrlabl Sync="TRUE">LNAME</attrlabl><attalias Sync="TRUE">LNAME</attalias><attrtype Sync="TRUE">String</attrtype><attwidth Sync="TRUE">254</attwidth><atprecis Sync="TRUE">0</atprecis><attscale Sync="TRUE">0</attscale></attr><attr><attrlabl Sync="TRUE">FNAME</attrlabl><attalias Sync="TRUE">FNAME</attalias><attrtype Sync="TRUE">String</attrtype><attwidth Sync="TRUE">254</attwidth><atprecis Sync="TRUE">0</atprecis><attscale Sync="TRUE">0</attscale></attr><attr><attrlabl Sync="TRUE">AGE</attrlabl><attalias Sync="TRUE">AGE</attalias><attrtype Sync="TRUE">Double</attrtype><attwidth Sync="TRUE">16</attwidth><atprecis Sync="TRUE">15</atprecis><attscale Sync="TRUE">6</attscale></attr><attr><attrlabl Sync="TRUE">BDATE</attrlabl><attalias Sync="TRUE">BDATE</attalias><attrtype Sync="TRUE">Double</attrtype><attwidth Sync="TRUE">16</attwidth><atprecis Sync="TRUE">15</atprecis><attscale Sync="TRUE">6</attscale></attr><attr><attrlabl Sync="TRUE">GENDER</attrlabl><attalias Sync="TRUE">GENDER</attalias><attrtype Sync="TRUE">String</attrtype><attwidth Sync="TRUE">254</attwidth><atprecis Sync="TRUE">0</atprecis><attscale Sync="TRUE">0</attscale></attr><attr><attrlabl Sync="TRUE">RACE</attrlabl><attalias Sync="TRUE">RACE</attalias><attrtype Sync="TRUE">String</attrtype><attwidth Sync="TRUE">254</attwidth><atprecis Sync="TRUE">0</atprecis><attscale Sync="TRUE">0</attscale></attr><attr><attrlabl Sync="TRUE">BIRTHPLACE</attrlabl><attalias Sync="TRUE">BIRTHPLACE</attalias><attrtype Sync="TRUE">String</attrtype><attwidth Sync="TRUE">254</attwidth><atprecis Sync="TRUE">0</atprecis><attscale Sync="TRUE">0</attscale></attr><attr><attrlabl Sync="TRUE">OCCUPATION</attrlabl><attalias Sync="TRUE">OCCUPATION</attalias><attrtype Sync="TRUE">String</attrtype><attwidth Sync="TRUE">254</attwidth><atprecis Sync="TRUE">0</atprecis><attscale Sync="TRUE">0</attscale></attr><attr><attrlabl Sync="TRUE">REALEST</attrlabl><attalias Sync="TRUE">REALEST</attalias><attrtype Sync="TRUE">Double</attrtype><attwidth Sync="TRUE">16</attwidth><atprecis Sync="TRUE">15</atprecis><attscale Sync="TRUE">6</attscale></attr><attr><attrlabl Sync="TRUE">PEREST</attrlabl><attalias Sync="TRUE">PEREST</attalias><attrtype Sync="TRUE">Double</attrtype><attwidth Sync="TRUE">16</attwidth><atprecis Sync="TRUE">15</atprecis><attscale Sync="TRUE">6</attscale></attr><attr><attrlabl Sync="TRUE">HBDS</attrlabl><attalias Sync="TRUE">HBDS</attalias><attrtype Sync="TRUE">String</attrtype><attwidth Sync="TRUE">254</attwidth><atprecis Sync="TRUE">0</atprecis><attscale Sync="TRUE">0</attscale></attr><attr><attrlabl Sync="TRUE">ADDRESS</attrlabl><attalias Sync="TRUE">ADDRESS</attalias><attrtype Sync="TRUE">String</attrtype><attwidth Sync="TRUE">254</attwidth><atprecis Sync="TRUE">0</atprecis><attscale Sync="TRUE">0</attscale></attr><attr><attrlabl Sync="TRUE">CODE</attrlabl><attalias Sync="TRUE">CODE</attalias><attrtype Sync="TRUE">Double</attrtype><attwidth Sync="TRUE">16</attwidth><atprecis Sync="TRUE">15</atprecis><attscale Sync="TRUE">6</attscale></attr><attr><attrlabl Sync="TRUE">FAMREAL</attrlabl><attalias Sync="TRUE">FAMREAL</attalias><attrtype Sync="TRUE">Double</attrtype><attwidth Sync="TRUE">16</attwidth><atprecis Sync="TRUE">15</atprecis><attscale Sync="TRUE">6</attscale></attr><attr><attrlabl Sync="TRUE">FAMEST</attrlabl><attalias Sync="TRUE">FAMEST</attalias><attrtype Sync="TRUE">Double</attrtype><attwidth Sync="TRUE">16</attwidth><atprecis Sync="TRUE">15</atprecis><attscale Sync="TRUE">6</attscale></attr><attr><attrlabl Sync="TRUE">SLAVES</attrlabl><attalias Sync="TRUE">SLAVES</attalias><attrtype Sync="TRUE">String</attrtype><attwidth Sync="TRUE">254</attwidth><atprecis Sync="TRUE">0</atprecis><attscale Sync="TRUE">0</attscale></attr><attr><attrlabl Sync="TRUE">SLAVEOWNER</attrlabl><attalias Sync="TRUE">SLAVEOWNER</attalias><attrtype Sync="TRUE">String</attrtype><attwidth Sync="TRUE">254</attwidth><atprecis Sync="TRUE">0</atprecis><attscale Sync="TRUE">0</attscale></attr><attr><attrlabl Sync="TRUE">FULLADD</attrlabl><attalias Sync="TRUE">FULLADD</attalias><attrtype Sync="TRUE">String</attrtype><attwidth Sync="TRUE">254</attwidth><atprecis Sync="TRUE">0</atprecis><attscale Sync="TRUE">0</attscale></attr><attr><attrlabl Sync="TRUE">Status_1</attrlabl><attalias Sync="TRUE">Status_1</attalias><attrtype Sync="TRUE">String</attrtype><attwidth Sync="TRUE">254</attwidth><atprecis Sync="TRUE">0</atprecis><attscale Sync="TRUE">0</attscale></attr><attr><attrlabl Sync="TRUE">Score_1</attrlabl><attalias Sync="TRUE">Score_1</attalias><attrtype Sync="TRUE">Double</attrtype><attwidth Sync="TRUE">16</attwidth><atprecis Sync="TRUE">15</atprecis><attscale Sync="TRUE">6</attscale></attr><attr><attrlabl Sync="TRUE">Match_ty_1</attrlabl><attalias Sync="TRUE">Match_ty_1</attalias><attrtype Sync="TRUE">String</attrtype><attwidth Sync="TRUE">254</attwidth><atprecis Sync="TRUE">0</atprecis><attscale Sync="TRUE">0</attscale></attr><attr><attrlabl Sync="TRUE">Match_ad_1</attrlabl><attalias Sync="TRUE">Match_ad_1</attalias><attrtype Sync="TRUE">String</attrtype><attwidth Sync="TRUE">254</attwidth><atprecis Sync="TRUE">0</atprecis><attscale Sync="TRUE">0</attscale></attr><attr><attrlabl Sync="TRUE">Side_1</attrlabl><attalias Sync="TRUE">Side_1</attalias><attrtype Sync="TRUE">String</attrtype><attwidth Sync="TRUE">254</attwidth><atprecis Sync="TRUE">0</atprecis><attscale Sync="TRUE">0</attscale></attr><attr><attrlabl Sync="TRUE">Ref_ID_1</attrlabl><attalias Sync="TRUE">Ref_ID_1</attalias><attrtype Sync="TRUE">String</attrtype><attwidth Sync="TRUE">254</attwidth><atprecis Sync="TRUE">0</atprecis><attscale Sync="TRUE">0</attscale></attr><attr><attrlabl Sync="TRUE">User_fld_1</attrlabl><attalias Sync="TRUE">User_fld_1</attalias><attrtype Sync="TRUE">String</attrtype><attwidth Sync="TRUE">254</attwidth><atprecis Sync="TRUE">0</atprecis><attscale Sync="TRUE">0</attscale></attr><attr><attrlabl Sync="TRUE">Addr_typ_1</attrlabl><attalias Sync="TRUE">Addr_typ_1</attalias><attrtype Sync="TRUE">String</attrtype><attwidth Sync="TRUE">254</attwidth><atprecis Sync="TRUE">0</atprecis><attscale Sync="TRUE">0</attscale></attr><attr><attrlabl Sync="TRUE">ARC_Sing_1</attrlabl><attalias Sync="TRUE">ARC_Sing_1</attalias><attrtype Sync="TRUE">String</attrtype><attwidth Sync="TRUE">254</attwidth><atprecis Sync="TRUE">0</atprecis><attscale Sync="TRUE">0</attscale></attr></detailed></eainfo><mdDateSt Sync="TRUE">20160730</mdDateSt></metadata>
